"name","grade","group"
"Madalena Petrou","3","d"
"Magdalena Heeley","3","g"
"Sargent Searsby","3","g"
"Nobe Benallack","3","d"
"Charmaine Sanches","3","e"
"Shirley Cochet","3","f"
"Kellyann McAllester","3","b"
"Lark Kinnoch","3","d"
"Fulton Langfat","3","c"
"Maria Gianolini","3","e"
"Hurley Ranken","3","g"
"Monica Gatesman","3","b"
"Simonne Pollicote","3","e"
"Sandy Grinnell","3","g"
"Cissiee Pocklington","3","c"
"Brendan Esmonde","3","d"
"Kristofor Dunbobbin","3","d"
"Vale Danaher","3","d"
"Risa Count","3","f"
"Klarika Peacher","3","d"
"Gayla Snape","3","b"
"Judon Joly","3","e"
"Cassandra Lamming","3","g"
"Hartley MacPaik","3","b"
"Tomkin Hurley","3","a"
"Nathanial Dyson","3","b"
"Nikki Doni","3","d"
"June Manjot","3","d"
"Donia Tomley","3","c"
"Lian Maxwaile","3","c"
"Raeann Fadden","3","e"
"Edin Binton","3","c"
"Noellyn Leverton","3","b"
"Karlotta Drinkall","3","b"
"Farrah Wasselin","3","d"
"Merwin Hymans","3","e"
"Onfroi Deplacido","3","f"
"Bronnie Blaycock","3","d"
"Moishe Palfrie","3","g"
"Hedi Sanbrook","3","a"
"Bari Waiting","3","f"
"Che Manifold","3","f"
"Cariotta Girauld","3","g"
"Yancy Hanington","3","b"
"Robinson O'Shevlin","3","e"
"Charmine Leavesley","3","c"
"Iris Goby","3","a"
"Gerry Hawthorn","3","f"
"Hazel Longlands","3","g"
"Karleen Huntress","3","a"
"Germaine Jeanneau","3","f"
"Dolores Ashtonhurst","3","c"
"Taffy Muslim","3","f"
"Tomasina Binnes","3","c"
"Barbette McClifferty","3","e"
"Rhonda Ebden","3","d"
"Jolynn Hellwig","3","c"
"Alistair Boreland","3","g"
"Jefferson Grundwater","3","d"
"Jameson Donoghue","3","d"
"Marianne Brough","3","b"
"Victor Mairs","3","e"
"Sonny Bunstone","3","d"
"Pavla Sorro","3","a"
"Briggs Skupinski","3","g"
"Mehetabel Sans","3","c"
"Eva Ekell","3","a"
"Erinn Hessing","3","f"
"Valdemar Waddam","3","a"
"Merrile Rumsby","3","b"
"Brady Eliesco","3","b"
"Guss Buckthorpe","3","d"
"Arlene Ebdin","3","e"
"Amory Mardle","3","f"
"Dagmar MacWhan","3","f"
"Lisle Attenbrow","3","c"
"Ailbert Matusiak","3","b"
"Boyd Matcham","3","a"
"Farleigh Beglin","3","d"
"Daisey Buttwell","3","g"
"Sheelah Kirkwood","3","e"
"Putnem Row","3","c"
"Ettie Seagrave","3","b"
"Lorene Abotson","3","g"
"Leland Kinchley","3","a"
"Gage Chrispin","3","c"
"Rina Klimsch","3","e"
"Kendricks Effaunt","3","a"
"Sallee McCurlye","3","d"
"Helli Lavalde","3","f"
"Hercules Dust","3","e"
"Rogers O'Hare","3","e"
"Dianna Tierny","3","a"
"Humphrey Stockbridge","3","f"
"Florella Westrip","3","f"
"Vernice Latter","3","f"
"Chelsy Summons","3","d"
"Kristan Denkel","3","a"
"Cirstoforo Ivanov","3","d"
"Bernette Mecco","3","g"
"Blythe Kerrigan","3","a"
"Miner Pikesley","3","d"
"Thaine Handslip","3","c"
"Olia Verheijden","3","f"
"Shelby Valerius","3","f"
"Emmalynn Scyner","3","f"
"Early Rawstorn","3","c"
"Marabel Thalmann","3","g"
"Bendix Oxshott","3","f"
"Joe Tampen","3","f"
"Noella Tryhorn","3","g"
"Briggs Persey","3","g"
"Lutero Philimore","3","b"
"Bartie Blamey","3","d"
"Inesita Guilliland","3","c"
"Raeann Zold","3","d"
"Enos Longley","3","b"
"Benjamen Nichol","3","c"
"Sigvard Beningfield","3","e"
"Tully Stubbins","3","e"
"Justen Polycote","3","f"
"Alexandros Pellington","3","f"
"Allene Batkin","3","c"
"Felice Gladman","3","c"
"Nikaniki Siddele","3","d"
"Conni Ebdin","3","g"
"Bernhard Brettor","3","a"
"Rudyard Ledward","3","a"
"Georg Capelow","3","f"
"Camella Piggot","3","a"
"Roderic Elstub","3","e"
"Gayle Pauer","3","g"
"Yale Towler","3","c"
"Rip Romayn","3","g"
"Vivyanne Piggin","3","a"
"Jill Eatherton","3","d"
"Brodie Barthelme","3","g"
"Esteban Edrich","3","f"
"Tracey Oakes","3","g"
"Othelia O'Feeny","3","f"
"Avram Ruthven","3","e"
"Quent Di Ruggiero","3","a"
"Benyamin Smallcombe","3","c"
"Othelia Tomaini","3","f"
"Cy Matley","3","c"
"Zacharia Toogood","3","b"
"Caryn Antrag","3","f"
"Ginevra Boyall","3","a"
"Halsy Castelot","3","c"
"Rena Babinski","3","a"
"Trevor Gothrup","3","c"
"Kermy Wileman","3","e"
"Addy Hewlings","3","f"
"Randene Newlin","3","f"
"Becca Cowen","3","c"
"Ferd McDuffy","3","g"
"Raymund Flaxon","3","c"
"Kate Fortesquieu","3","g"
"Jamaal Lammers","3","g"
"Fern Bedrosian","3","g"
"Scott Savill","3","d"
"Kylie Hebden","3","f"
"Em Paul","3","a"
"Cori Spooner","3","g"
"Bertrando Ashall","3","a"
"Shannah Thompkins","3","g"
"Bobbie Haselden","3","d"
"Gav Crack","3","d"
"Wini Faulconer","3","g"
"Jorgan Elwin","3","f"
"Sheilah Jagels","3","a"
"Agatha Lilleycrop","3","g"
"Xylia Dumingo","3","c"
"Markus Haw","2","e"
"Rory Roff","2","f"
"Lyn Chazier","2","f"
"Allyce Didsbury","2","b"
"Inesita Ladley","2","c"
"Nikolas Lyne","2","c"
"Wynnie Ramos","2","d"
"Hakim Jope","2","a"
"Haze Vila","2","f"
"Orsola Heffy","2","b"
"Jayme Goodoune","2","g"
"Lanita Craighead","2","f"
"Roy Le Grove","2","e"
"Gus Storer","2","a"
"Vilma Sibbet","2","f"
"Guglielma Pashenkov","2","a"
"Godiva Strickett","2","c"
"Neile Franckton","2","b"
"Wilt Dabnor","2","b"
"Shelley Pellett","2","f"
"Cathee Shemelt","2","c"
"Mahmoud McGreil","2","e"
"Emilie Grennan","2","f"
"Chet Krug","2","g"
"Sharlene MacCartan","2","e"
"Valina McEnteggart","2","e"
"Seana Skillern","2","b"
"Dyanne Imlen","2","f"
"Tatiana Trewinnard","2","f"
"Kelcey Whybray","2","e"
"Penrod Jaimez","2","g"
"Rolph Illwell","2","d"
"Everard Yeiles","2","b"
"Blaire McGreary","2","a"
"Laurent Crisp","2","f"
"Aline Lehrmann","2","a"
"Titos Hebbard","2","e"
"Lazaro Stanlack","2","f"
"Tiertza Moquin","2","e"
"Eugine Blaxland","2","c"
"Gillan Sorbie","2","g"
"Arman Barczewski","2","g"
"Fredericka Ride","2","d"
"Row Grieger","2","b"
"Freida Casterou","2","e"
"Mommy Van der Daal","2","f"
"Lev Alcorn","2","b"
"Kassie Petley","2","b"
"Sib Sheals","2","g"
"Cathyleen Mourge","2","c"
"Marin Dibdall","2","c"
"Glenn Ferie","2","a"
"Kristoforo Briddle","2","d"
"Bellina Braniff","2","a"
"Fawne Corkan","2","a"
"Gradeigh Marder","2","c"
"Allx Cordie","2","f"
"Tuck Quittonden","2","d"
"Chrysa Goncalo","2","b"
"Basile Jenk","2","c"
"Kaye Wandtke","2","d"
"Jaynell Konerding","2","b"
"Lorri Leyninye","2","g"
"Paddy Creffield","2","e"
"Barn Mault","2","e"
"Gladi Spensley","2","f"
"Shaine Feasby","2","a"
"Manda Capaldo","2","d"
"Aida Chartman","2","c"
"Camella Swarbrick","2","c"
"Nathanial Piser","2","c"
"Francisco Dorcey","2","f"
"Darcey Boosey","2","a"
"Francisca Yapp","2","c"
"Bryna Dallon","2","a"
"Sheeree Bilsborrow","2","b"
"Shep Pallas","2","c"
"Edward Dunlop","2","b"
"Jody Kaspar","2","d"
"Lou Dyers","2","g"
"Aimee Larne","2","b"
"Gennie Bigrigg","2","a"
"Hakeem Planke","2","b"
"Etan Gilson","2","f"
"Tiebold Von Oertzen","2","d"
"Lorene Blampied","2","b"
"Lizette Sincock","2","b"
"Teddi Blackaller","2","b"
"Noble Harmeston","2","b"
"Koressa O'Sheeryne","2","e"
"Deidre McLevie","2","c"
"Shep Yuryshev","2","f"
"Jephthah Rawling","2","d"
"Denna Leat","2","a"
"Tanhya Tothe","2","c"
"Brock Spinello","2","b"
"Vaughn Neagle","2","f"
"Marne Ansell","2","c"
"Kalindi Overall","2","e"
"Peri Muscat","2","a"
"Jayne Tudbald","2","a"
"Tommy McCaghan","2","e"
"Shaina Gentric","2","e"
"Odelia Menendes","2","c"
"Grace Clohissy","2","d"
"Margery MacSkeagan","2","e"
"Jocelyn Yurukhin","2","c"
"Decca Body","2","b"
"Leopold Balls","2","g"
"Tim Eliasen","2","e"
"Chick Rollingson","2","f"
"Romeo Hallum","2","b"
"Paolo Starford","2","c"
"Panchito Hukin","2","g"
"Ebba Demchen","2","e"
"Jerri Farnorth","2","f"
"Burke James","2","e"
"Petra Catanheira","2","f"
"Fey Benedikt","2","g"
"Joete Levane","2","a"
"Faina Dobby","2","f"
"Jacquenette McArdell","2","b"
"Chester Gaveltone","2","c"
"Genovera Kaysor","2","e"
"Melodee Ogle","2","e"
"Elfreda Portsmouth","2","e"
"Abel Gavrieli","2","c"
"Stefano Aaronsohn","2","g"
"Hester Pates","2","e"
"Catha Ambler","2","c"
"Berrie Mc Combe","2","f"
"Marita Hobben","2","d"
"Gayla Skehens","2","b"
"Katharine MacSporran","2","f"
"Starr Hanlon","2","g"
"Avery Housby","2","e"
"Nomi Piegrome","2","e"
"Afton Duligal","2","a"
"Derby Ventris","2","b"
"Ira Andriessen","2","c"
"Lori Briand","2","g"
"Portie Lowder","2","e"
"Dyana Raccio","2","g"
"Moria Heinzler","2","e"
"Ingunna Coger","2","a"
"Trudie Denisevich","2","e"
"Ulrike Dorot","2","a"
"Mollie Cheake","2","e"
"Amandi Besson","2","e"
"Griff Oseland","2","a"
"Winona Gye","2","d"
"Currey Melior","2","c"
"Adriane Adshede","2","e"
"Thatch Sebborn","2","b"
"Liuka Bracer","2","a"
"Papageno Detoile","2","d"
"Karylin Ramsey","1","g"
"Randa Brosch","1","b"
"Emery Shadbolt","1","g"
"Giacopo Winear","1","c"
"Filide Crick","1","a"
"Domenico Melonby","1","c"
"Nehemiah Rotchell","1","f"
"Aidan Druett","1","e"
"Hilarius Oolahan","1","e"
"Claudius Rego","1","a"
"Bart Harbin","1","a"
"Northrup Duplain","1","f"
"Arvie Lockhurst","1","b"
"Clemence Tattam","1","b"
"Dollie Tenby","1","b"
"Nils Walles","1","f"
"Haley Faithorn","1","e"
"Willi O'Cullen","1","a"
"Alvinia Padberry","1","f"
"Marsiella Rippen","1","a"
"Piotr Challice","1","b"
"Barbabas Kither","1","c"
"Rayna Stockwell","1","d"
"Ichabod Hallihan","1","c"
"Terrell Cuncliffe","1","f"
"Pepe Drejer","1","c"
"Rowen Snoddon","1","f"
"Bear D'Agostini","1","c"
"Aleda Vasyunichev","1","g"
"Mar Sigart","1","d"
"Whitby Lenard","1","f"
"Joan Hallatt","1","g"
"Bentlee Karpfen","1","e"
"Fifine Balasin","1","d"
"Archy Kibbel","1","f"
"Atlante Bagg","1","a"
"Hanna Spoors","1","d"
"Lilla Bulter","1","c"
"Karolina Sture","1","g"
"Silvie Feild","1","b"
"Vernice Bessant","1","c"
"Ruby Kos","1","e"
"Beckie Andrysiak","1","a"
"Baryram Ishaki","1","c"
"Alberta Newcome","1","b"
"Lee Hardiker","1","f"
"Lon Furzey","1","b"
"Joli Braunston","1","c"
"Rosalinde Vasnetsov","1","b"
"Livvy Reina","1","g"
"Sutton Kinchington","1","e"
"Selle Glowacz","1","b"
"Joannes Peres","1","a"
"Hy Canizares","1","c"
"Chloette Acres","1","e"
"Reamonn Bretherick","1","f"
"Owen Rigbye","1","e"
"Rianon Dockrey","1","b"
"Amie Fend","1","f"
"Fae Durant","1","c"
"Roch Sallarie","1","b"
"Laughton McGuane","1","d"
"Garvey Charlson","1","c"
"Renato Sanchis","1","b"
"Parsifal Zottoli","1","g"
"Clerc Daspar","1","b"
"Kahlil Westwick","1","d"
"Jaimie Tison","1","f"
"Adan Kupka","1","c"
"Johann Hame","1","a"
"Darsey Kempshall","1","b"
"Tina Medler","1","b"
"Ody Wrist","1","b"
"Robbie Carrane","1","e"
"Emile Gianettini","1","d"
"Malory Skalls","1","c"
"Reinhard Feldberger","1","c"
"Lacey Tebald","1","a"
"Sanders Brahan","1","f"
"Norbert Finlan","1","g"
"Salim Vogelein","1","a"
"Cele Rainy","1","f"
"Wilfrid Edwicker","1","f"
"Gabby Codman","1","f"
"Anton Brimelow","1","b"
"Auria Ballister","1","e"
"Bernette Bastick","1","f"
"Essy Hairesnape","1","a"
"Ethe Caskie","1","e"
"Jemmy Sudron","1","e"
"Wren Derye-Barrett","1","b"
"Kelsey Carbin","1","f"
"Leeann Delamar","1","g"
"Lief Blaxeland","1","e"
"Marilee Itzcak","1","b"
"Mommy Heild","1","d"
"Isa Searchwell","1","d"
"Lura Hackney","1","g"
"Dacey Franc","1","d"
"Wilow Coviello","1","b"
"Ana Rignall","1","a"
"Hadria Vonasek","1","b"
"Alleen Fischer","1","f"
"Ethelind Bails","1","d"
"Bunny Woakes","1","d"
"Ber Tellenbroker","1","e"
"Lesya Celle","1","a"
"Emmalynne Dobrowlski","1","b"
"Garvin Taylo","1","d"
"Darlene Ionnidis","1","e"
"Suzie Toe","1","f"
"Francene Crossdale","1","f"
"Georgeta Balaison","1","e"
"De Jerrim","1","d"
"Phillip Bussell","1","c"
"Hermine Kennefick","1","c"
"Ivan Ogdahl","1","f"
"Krisha Whistlecroft","1","f"
"Alasdair Lackham","1","a"
"Stacy Greenway","1","f"
"Xavier Sivil","1","e"
"Sky Borsi","1","b"
"Wilhelmina Simione","1","f"
"Khalil Apple","1","a"
"Dillie Callis","1","c"
"Eimile Tiler","1","f"
"Ame Forbes","1","f"
"Filmore Szymanzyk","1","g"
"Kristi Gallen","1","a"
"Fenelia Stockton","1","c"
"Bartholomew Machans","1","e"
"Clay Kira","1","a"
"Melesa Whifen","1","c"
"Allie Linsley","1","a"
"Fabian Miles","1","e"
"Moss Philip","1","c"
"Lea O'Logan","1","d"
"Anselm Flobert","1","g"
"Darla Pulhoster","1","c"
"Berthe Casale","1","a"
"Frannie De Gowe","1","a"
"Hallsy Laimable","1","d"
"Madelon Bedson","1","g"
"Kevina Cullingford","1","e"
"Nada Lahiff","1","f"
"Bryce Smoughton","1","f"
"Darby Gomersall","1","d"
"Julie Gerbi","1","f"
"Charlotta Fielding","1","e"
"Daune Semered","1","a"
"Eartha Dmitrievski","1","e"
"Ingram Zannelli","1","a"
"Berton Faulds","1","b"
"Lucien Scanderet","1","e"
"Astra Piggford","1","f"
"Archaimbaud Firidolfi","1","e"
"Osmond Menary","1","g"
"Cedric Albrecht","1","e"
"Berkeley Caudelier","1","e"
"Chery Greedy","1","a"
"Glad Mc Comb","1","a"
"Anissa Warrilow","1","d"
"Mufi Sustins","1","a"
"Salomo Orris","1","g"
"Janie Hairs","1","f"
"Packston Footer","1","b"
"Kissie Dalyell","1","g"
"Dix De Francesco","1","e"
"Krishnah Sabathier","1","a"
"Woodrow Riddall","1","g"
"Ruthe Barbey","1","b"